KEGG_WNT_SIGNALING_PATHWAY,http://www.broadinstitute.org/gsea/msigdb/cards/KEGG_WNT_SIGNALING_PATHWAY,JUN,LRP5,LRP6,PPP3R2,SFRP2,SFRP1,PPP3CC,VANGL1,PPP3R1,FZD1,FZD4,APC2,FZD6,FZD7,SENP2,FZD8,LEF1,CREBBP,FZD9,PRICKLE1,CTBP2,ROCK1,CTBP1,WNT9B,WNT9A,CTNNBIP1,DAAM2,TBL1XR1,MMP7,CER1,MAP3K7,VANGL2,WNT2B,WNT11,WNT10B,DKK2,LOC728622,CHP2,AXIN1,AXIN2,DKK4,NFAT5,MYC,SOX17,CSNK2A1,CSNK2A2,NFATC4,CSNK1A1,NFATC3,CSNK1E,BTRC,PRKX,SKP1,FBXW11,RBX1,CSNK2B,SIAH1,TBL1Y,WNT5B,CCND1,CAMK2A,NLK,CAMK2B,CAMK2D,CAMK2G,PRKACA,APC,PRKACB,PRKACG,WNT16,DAAM1,CHD8,FRAT1,CACYBP,CCND2,NFATC2,NFATC1,CCND3,PLCB2,PLCB1,CSNK1A1L,PRKCB,PLCB3,PRKCA,PLCB4,WIF1,PRICKLE2,PORCN,RHOA,FRAT2,PRKCG,MAPK9,MAPK10,WNT3A,DVL3,RAC2,DVL2,RAC3,FZD3,DKK1,CXXC4,DVL1,FOSL1,CUL1,WNT10A,WNT4,SMAD3,TCF7,SMAD4,RAC1,TCF7L2,SMAD2,WNT1,MAPK8,EP300,WNT7A,GSK3B,WNT7B,PSEN1,WNT8A,WNT8B,WNT2,WNT3,WNT5A,WNT6,CTNNB1,PPP2CB,PPP2CA,PPP2R1A,TBL1X,PPP2R1B,ROCK2,NKD1,FZD10,FZD5,NKD2,TCF7L1,RUVBL1,PPARD,PPP3CB,TP53,PPP3CA,PPP2R5A,PPP2R5E,PPP2R5D,PPP2R5C,PPP2R5B,FZD2,SFRP5,SFRP4,CHP,,,,,,,,,,,,,,,,,,,,,,,,,,,,,,,,,,,,,,,,,,,,,,,,,,,,,,,,,,,,,,,,,,,,,,,,,,,,,,,,,,,,,,,,,,,,,,,,,,,,,,,,,,,,,,,,,,,,
KEGG_HEDGEHOG_SIGNALING_PATHWAY,http://www.broadinstitute.org/gsea/msigdb/cards/KEGG_HEDGEHOG_SIGNALING_PATHWAY,CSNK1A1L,HHIP,PTCH2,GAS1,WNT3A,ZIC2,WNT9B,WNT9A,LRP2,CSNK1G1,WNT2B,WNT11,WNT10B,IHH,SMO,WNT10A,WNT4,CSNK1G3,SHH,WNT1,CSNK1D,RAB23,CSNK1A1,CSNK1G2,CSNK1E,BMP8A,GSK3B,WNT7A,BTRC,WNT7B,WNT8A,WNT8B,WNT2,WNT3,PRKX,WNT5A,WNT6,FBXW11,STK36,WNT5B,GLI1,DHH,PRKACA,PRKACB,SUFU,BMP4,PRKACG,BMP2,GLI2,BMP7,GLI3,PTCH1,BMP8B,WNT16,BMP5,BMP6,,,,,,,,,,,,,,,,,,,,,,,,,,,,,,,,,,,,,,,,,,,,,,,,,,,,,,,,,,,,,,,,,,,,,,,,,,,,,,,,,,,,,,,,,,,,,,,,,,,,,,,,,,,,,,,,,,,,,,,,,,,,,,,,,,,,,,,,,,,,,,,,,,,,,,,,,,,,,,,,,,,,,,,,,,,,,,,,,,,,,,,,,,,,,,,,,,,,,,,,,,,,,,,,,,,
KEGG_JAK_STAT_SIGNALING_PATHWAY,http://www.broadinstitute.org/gsea/msigdb/cards/KEGG_JAK_STAT_SIGNALING_PATHWAY,STAT3,STAT4,STAT1,STAT2,PIAS3,TYK2,IL21R,CREBBP,SOCS5,IL23A,CTF1,STAM,SPRY4,IL22,JAK1,AKT1,AKT2,JAK3,JAK2,AKT3,STAT5B,STAT5A,TPO,STAT6,MYC,IL24,SPRED1,PIK3R5,CSF2,IL13RA2,PIAS1,IL13RA1,CNTF,PRLR,CNTFR,PRL,SOCS1,IFNE,CSF2RB,CSF2RA,IL23R,CSF3,SOCS3,CCND1,IL22RA2,CSH1,BCL2L1,CSF3R,PIAS4,CBLC,CLCF1,OSMR,IL20,CCND2,CCND3,SOS2,EPO,PTPN11,IL9R,MPL,SPRED2,IFNA5,IFNA4,IFNA2,IL28RA,SOCS2,IFNA1,CISH,PTPN6,IL9,IL7R,IL12RB1,IL12B,IL13,IL12RB2,IL11RA,IL12A,IRF9,IFNA17,PIAS2,IFNA21,IFNA6,LEPR,IFNA7,IFNA8,IFNA10,IFNA13,GRB2,IFNA14,LEP,IFNA16,IL26,IL19,IL10,IL10RA,SOS1,IL10RB,EPOR,IL11,IL3RA,IL3,EP300,IL2RG,IL2RB,CBLB,OSM,CBL,IL15RA,IFNGR2,IL15,IFNG,IFNGR1,IFNB1,IFNAR1,IFNAR2,IL21,IL20RB,IL2RA,IL22RA1,IL20RA,IL2,IL6R,PIK3R3,CRLF2,IFNK,SPRY2,IL6ST,SPRY1,IL7,STAM2,GHR,IL28B,IL29,SOCS4,PIK3CA,PIK3CB,PIM1,IL28A,PIK3CD,LIF,GH1,GH2,IFNW1,LIFR,TSLP,IL4,IL4R,SPRY3,IL5,PIK3CG,SOCS7,IL5RA,PIK3R1,IL6,PIK3R2,,,,,,,,,,,,,,,,,,,,,,,,,,,,,,,,,,,,,,,,,,,,,,,,,,,,,,,,,,,,,,,,,,,,,,,,,,,,,,,,,,,,,,,,,,,,,,,,,,,,,,,,,,,,,,,,
KEGG_NOTCH_SIGNALING_PATHWAY,http://www.broadinstitute.org/gsea/msigdb/cards/KEGG_NOTCH_SIGNALING_PATHWAY,HES5,DTX3,NOTCH4,DTX3L,NOTCH3,NOTCH2,EP300,HES1,NOTCH1,NUMB,PSEN2,PSEN1,PTCRA,SNW1,APH1A,KAT2A,ADAM17,RFNG,RBPJ,DTX1,CREBBP,DTX2,MAML1,CTBP2,NCOR2,CTBP1,DVL3,JAG2,DVL2,NUMBL,MAML2,KAT2B,DLL4,PSENEN,DLL3,DVL1,CIR1,DLL1,LFNG,JAG1,MAML3,HDAC1,HDAC2,NCSTN,DTX4,MFNG,RBPJL,,,,,,,,,,,,,,,,,,,,,,,,,,,,,,,,,,,,,,,,,,,,,,,,,,,,,,,,,,,,,,,,,,,,,,,,,,,,,,,,,,,,,,,,,,,,,,,,,,,,,,,,,,,,,,,,,,,,,,,,,,,,,,,,,,,,,,,,,,,,,,,,,,,,,,,,,,,,,,,,,,,,,,,,,,,,,,,,,,,,,,,,,,,,,,,,,,,,,,,,,,,,,,,,,,,,,,,,,,,,
KEGG_APOPTOSIS,http://www.broadinstitute.org/gsea/msigdb/cards/KEGG_APOPTOSIS,CASP10,CASP9,CASP8,CASP7,CHUK,PRKAR2B,TNF,TNFSF10,BIRC3,XIAP,PPP3R2,PPP3CC,PPP3R1,MYD88,FADD,CFLAR,RIPK1,BAD,IRAK4,BID,BAX,IKBKB,CASP6,IL1A,AKT1,CASP3,AKT2,TNFRSF1A,AKT3,CHP2,ATM,ENDOG,NFKB1,NFKBIA,CAPN2,PIK3R5,IKBKG,CAPN1,IL3RA,IL3,RELA,ENDOD1,APAF1,PRKX,CSF2RB,TNFRSF10A,TRAF2,TNFRSF10D,NGF,TNFRSF10B,TNFRSF10C,MAP3K14,IL1RAP,IL1B,IRAK2,IL1R1,IRAK1,TRADD,PIK3R3,BCL2,BCL2L1,BIRC2,IRAK3,PRKACA,PRKACB,PRKACG,PPP3CB,TP53,PPP3CA,PIK3CA,PIK3CB,FAS,DFFA,CYCS,DFFB,PIK3CD,LOC651610,PRKAR1A,FASLG,PRKAR2A,PRKAR1B,EXOG,PIK3CG,AIFM1,NTRK1,PIK3R1,PIK3R2,CHP,,,,,,,,,,,,,,,,,,,,,,,,,,,,,,,,,,,,,,,,,,,,,,,,,,,,,,,,,,,,,,,,,,,,,,,,,,,,,,,,,,,,,,,,,,,,,,,,,,,,,,,,,,,,,,,,,,,,,,,,,,,,,,,,,,,,,,,,,,,,,,,,,,,,,,,,,,,,,,,,,,,,,,,,,,,,,,,,,,,
BIOCARTA_RAS_PATHWAY,http://www.broadinstitute.org/gsea/msigdb/cards/BIOCARTA_RAS_PATHWAY,CASP9,HRAS,FOXO4,CHUK,RALA,RAF1,BCL2L1,ELK1,RELA,MAP2K1,RALBP1,RALGDS,AKT1,PIK3CA,RHOA,PLD1,MAPK3,BAD,NFKB1,PIK3CG,RAC1,PIK3R1,CDC42,,,,,,,,,,,,,,,,,,,,,,,,,,,,,,,,,,,,,,,,,,,,,,,,,,,,,,,,,,,,,,,,,,,,,,,,,,,,,,,,,,,,,,,,,,,,,,,,,,,,,,,,,,,,,,,,,,,,,,,,,,,,,,,,,,,,,,,,,,,,,,,,,,,,,,,,,,,,,,,,,,,,,,,,,,,,,,,,,,,,,,,,,,,,,,,,,,,,,,,,,,,,,,,,,,,,,,,,,,,,,,,,,,,,,,,,,,,,,,,,,,,,
PID_RAS_PATHWAY,http://www.broadinstitute.org/gsea/msigdb/cards/PID_RAS_PATHWAY,SOS2,RASGRP1,RASGRF1,NRAS,PRKCE,PRKCZ,RABGEF1,SOS1,RASGRF2,DAB2IP,CAMK2B,PRKCB,KRAS,RIN1,RASA2,RASA4,GRB2,NF1,RASAL1,SYNGAP1,RRAS,RASGRP4,PLCE1,LGALS1,LGALS3,RASA1,RASGRP2,HRAS,PRKCA,RASGRP3,,,,,,,,,,,,,,,,,,,,,,,,,,,,,,,,,,,,,,,,,,,,,,,,,,,,,,,,,,,,,,,,,,,,,,,,,,,,,,,,,,,,,,,,,,,,,,,,,,,,,,,,,,,,,,,,,,,,,,,,,,,,,,,,,,,,,,,,,,,,,,,,,,,,,,,,,,,,,,,,,,,,,,,,,,,,,,,,,,,,,,,,,,,,,,,,,,,,,,,,,,,,,,,,,,,,,,,,,,,,,,,,,,,,,,,,,,,,,
BIOCARTA_PTEN_PATHWAY,http://www.broadinstitute.org/gsea/msigdb/cards/BIOCARTA_PTEN_PATHWAY,PTK2,PTEN,PDK2,SHC1,FOXO3,PDPK1,BCAR1,CDKN1B,ILK,AKT1,PIK3CA,ITGB1,FASLG,GRB2,MAPK3,PIK3R1,SOS1,MAPK1,,,,,,,,,,,,,,,,,,,,,,,,,,,,,,,,,,,,,,,,,,,,,,,,,,,,,,,,,,,,,,,,,,,,,,,,,,,,,,,,,,,,,,,,,,,,,,,,,,,,,,,,,,,,,,,,,,,,,,,,,,,,,,,,,,,,,,,,,,,,,,,,,,,,,,,,,,,,,,,,,,,,,,,,,,,,,,,,,,,,,,,,,,,,,,,,,,,,,,,,,,,,,,,,,,,,,,,,,,,,,,,,,,,,,,,,,,,,,,,,,,,,,,,,,
SA_PTEN_PATHWAY,http://www.broadinstitute.org/gsea/msigdb/cards/SA_PTEN_PATHWAY,BPNT1,PDK1,AKT2,SOS1,GRB2,RBL2,MAPK3,AKT1,ILK,PIK3CA,AKT3,PTK2B,PIK3CD,MAPK1,SHC1,IPCEF1,PTEN,,,,,,,,,,,,,,,,,,,,,,,,,,,,,,,,,,,,,,,,,,,,,,,,,,,,,,,,,,,,,,,,,,,,,,,,,,,,,,,,,,,,,,,,,,,,,,,,,,,,,,,,,,,,,,,,,,,,,,,,,,,,,,,,,,,,,,,,,,,,,,,,,,,,,,,,,,,,,,,,,,,,,,,,,,,,,,,,,,,,,,,,,,,,,,,,,,,,,,,,,,,,,,,,,,,,,,,,,,,,,,,,,,,,,,,,,,,,,,,,,,,,,,,,,,
KEGG_FOCAL_ADHESION,http://www.broadinstitute.org/gsea/msigdb/cards/KEGG_FOCAL_ADHESION,JUN,LOC100418883,ELK1,HGF,PARVA,FN1,TNN,IGF1,BIRC3,XIAP,COMP,THBS4,IGF1R,DIAPH1,ITGA11,PGF,PARVG,ROCK1,PTK2,MYL7,FLT1,FLT4,AKT1,RELN,AKT2,LAMC2,MYL12A,LAMB2,LAMB3,LAMC1,LAMA4,LAMA5,LAMB1,PAK6,PIK3R5,CAPN2,LAMB4,FLNC,FLNA,FLNB,MYL2,MYLK,MYL5,PIP5K1C,MET,MYL10,BIRC2,COL11A1,LAMC3,COL11A2,THBS3,THBS2,THBS1,VWF,ZYX,IBSP,VTN,PDGFD,PPP1R12A,BAD,ACTN4,ACTN1,MAPK9,MAPK10,LOC646821,MAP2K1,RASGRF1,ILK,RAPGEF1,GRB2,PPP1CC,PPP1CB,ACTG1,ITGA10,HRAS,ITGA8,CTNNB1,MYL12B,ACTB,ROCK2,PTEN,RAP1A,PIK3R3,RAP1B,TNC,CAV2,CAV1,CAV3,COL5A3,TLN1,VAV3,COL6A2,COL6A3,COL5A2,COL6A1,LAMA1,ITGA9,CHAD,PAK4,ITGA4,ITGA3,ITGA2B,ITGA7,ITGA5,COL5A1,COL4A6,PDGFRB,COL2A1,COL3A1,COL4A1,PARVB,COL4A2,BRAF,COL4A4,VAV1,PDPK1,ITGB3,ITGB4,VASP,ITGB5,SHC4,ITGB6,DOCK1,ITGB7,ITGAV,ITGB1,AKT3,VAV2,SPP1,COL1A1,COL1A2,TLN2,PDGFC,VCL,SHC3,VEGFA,VEGFC,ITGB8,VEGFB,PXN,PAK7,CCND1,PDGFA,BCL2,PDGFB,PDGFRA,ARHGAP5,BCAR1,PAK1,FIGF,CRK,CRKL,CCND2,CDC42,ACTN2,CCND3,ACTN3,SOS2,PAK3,PRKCB,RAF1,PRKCA,SHC1,PAK2,MYL9,RHOA,PRKCG,MYLPF,ERBB2,RAC2,RAC3,KDR,MYLK2,PPP1CA,MAPK3,ARHGAP35,RAC1,SOS1,MAPK1,MAPK8,EGFR,GSK3B,TNR,EGF,LAMA3,TNXB,LAMA2,ITGA6,ITGA2,SRC,ITGA1,PIK3CA,PIK3CB,PIK3CD,SHC2,COL6A6,MYLK3,FYN,PIK3CG,PIK3R1,PIK3R2,,,,,,,,,,,,,,,,,,,,,,,,,,,,,,,,,,,,,,,,,,,,,,,,,,,,,,,,,,,,,,,,,,
KEGG_CELL_ADHESION_MOLECULES_CAMS,http://www.broadinstitute.org/gsea/msigdb/cards/KEGG_CELL_ADHESION_MOLECULES_CAMS,CDH5,JAM3,CDH3,NLGN3,CDH4,CD80,NLGN1,CD86,CD28,CD274,PDCD1LG2,ITGA9,ITGAL,NRCAM,ITGAM,CD34,CD276,ICOSLG,CADM3,ITGA4,ICOS,SIGLEC1,CADM1,HLA-G,CLDN20,PECAM1,CD22,ITGB7,SELL,VCAM1,ITGAV,SELP,SPN,ITGB1,SELPLG,ITGB2,CDH2,JAM2,CTLA4,HLA-DRB4,CLDN18,CD4,HLA-DRB5,CNTN1,NLGN2,HLA-DRB3,NRXN3,ALCAM,SELE,CD8A,CD8B,CD6,CLDN17,L1CAM,ITGB8,MAG,VCAN,HLA-F,NFASC,HLA-E,NRXN1,HLA-DPA1,HLA-DPB1,HLA-DQA1,HLA-DQA2,HLA-DQB1,NRXN2,CD2,CLDN16,CLDN23,MADCAM1,SDC2,SDC4,SDC1,OCLN,PVR,HLA-DRB1,PVRL2,CDH1,HLA-DRA,PVRL1,HLA-DOA,HLA-DOB,CLDN10,ICAM2,ICAM3,CLDN8,CLDN2,CLDN6,CLDN5,CLDN1,ICAM1,NEO1,HLA-C,HLA-B,ESAM,HLA-DMB,HLA-DMA,HLA-A,F11R,PDCD1,CLDN19,PTPRF,CLDN15,CD226,CD99,CLDN22,CNTNAP2,MPZ,MPZL1,PTPRC,PVRL3,ITGA8,NCAM2,NCAM1,CD58,NEGR1,CLDN11,LOC652614,SDC3,CLDN7,CLDN4,PTPRM,CLDN3,ITGA6,CNTN2,CD40LG,CNTNAP1,CD40,GLG1,CDH15,CLDN14,NLGN4X,CLDN9,,,,,,,,,,,,,,,,,,,,,,,,,,,,,,,,,,,,,,,,,,,,,,,,,,,,,,,,,,,,,,,,,,,,,,,,,,,,,,,,,,,,,,,,,,,,,,,,,,,,,,,,,,,,,,,,,,,,,,,,,,,,,,,,,,,,,
KEGG_TGF_BETA_SIGNALING_PATHWAY,http://www.broadinstitute.org/gsea/msigdb/cards/KEGG_TGF_BETA_SIGNALING_PATHWAY,TFDP1,NOG,TNF,GDF7,INHBB,INHBC,COMP,INHBA,THBS4,RHOA,CREBBP,ROCK1,ID1,ID2,RPS6KB1,RPS6KB2,CUL1,LOC728622,ID4,SMAD3,MAPK3,RBL2,SMAD4,RBL1,NODAL,SMAD1,MYC,SMAD2,MAPK1,SMURF2,SMURF1,EP300,BMP8A,GDF5,SKP1,CHRD,TGFB2,TGFB1,IFNG,CDKN2B,PPP2CB,PPP2CA,PPP2R1A,ID3,SMAD5,RBX1,FST,PITX2,PPP2R1B,TGFBR2,AMHR2,LTBP1,LEFTY1,AMH,TGFBR1,SMAD9,LEFTY2,SMAD7,ROCK2,TGFB3,SMAD6,BMPR2,GDF6,BMPR1A,BMPR1B,ACVRL1,ACVR2B,ACVR2A,ACVR1,BMP4,E2F5,BMP2,ACVR1C,E2F4,SP1,BMP7,BMP8B,ZFYVE9,BMP5,BMP6,ZFYVE16,THBS3,INHBE,THBS2,DCN,THBS1,,,,,,,,,,,,,,,,,,,,,,,,,,,,,,,,,,,,,,,,,,,,,,,,,,,,,,,,,,,,,,,,,,,,,,,,,,,,,,,,,,,,,,,,,,,,,,,,,,,,,,,,,,,,,,,,,,,,,,,,,,,,,,,,,,,,,,,,,,,,,,,,,,,,,,,,,,,,,,,,,,,,,,,,,,,,,,,,,,,,,
BIOCARTA_TGFB_PATHWAY,http://www.broadinstitute.org/gsea/msigdb/cards/BIOCARTA_TGFB_PATHWAY,EP300,MAP2K1,APC,MAP3K7,ZFYVE9,TGFB2,TGFB1,CREBBP,MAPK3,TAB1,SMAD3,SMAD4,TGFBR2,SKIL,TGFBR1,SMAD7,TGFB3,CDH1,SMAD2,,,,,,,,,,,,,,,,,,,,,,,,,,,,,,,,,,,,,,,,,,,,,,,,,,,,,,,,,,,,,,,,,,,,,,,,,,,,,,,,,,,,,,,,,,,,,,,,,,,,,,,,,,,,,,,,,,,,,,,,,,,,,,,,,,,,,,,,,,,,,,,,,,,,,,,,,,,,,,,,,,,,,,,,,,,,,,,,,,,,,,,,,,,,,,,,,,,,,,,,,,,,,,,,,,,,,,,,,,,,,,,,,,,,,,,,,,,,,,,,,,,,,,,,
PID_TGFBRPATHWAY,http://www.broadinstitute.org/gsea/msigdb/cards/PID_TGFBRPATHWAY,EIF2A,PARD6A,NEDD4L,CTNNB1,OCLN,SPTBN1,RPS6KB1,TAB2,TGFB3,CAV1,TGFB1,GRB2,RNF111,PPP2CA,PPP2CB,SMURF1,SMAD7,DAXX,WWP1,TGFB2,DAB2,PDPK1,SOS1,AXIN1,ITCH,RHOA,PPP2R2A,TGFBR1,SMURF2,YWHAE,ZFYVE16,PML,SMAD2,PPP1CA,DACT2,CTGF,STRAP,PPP1R15A,FKBP1A,ARRB2,SMAD4,CAMK2A,SMAD3,DYNLRB1,SKIL,SHC1,MAP3K7,TAB1,XIAP,BAMBI,TGFBRAP1,ZFYVE9,YAP1,TGFBR2,TGFBR3,,,,,,,,,,,,,,,,,,,,,,,,,,,,,,,,,,,,,,,,,,,,,,,,,,,,,,,,,,,,,,,,,,,,,,,,,,,,,,,,,,,,,,,,,,,,,,,,,,,,,,,,,,,,,,,,,,,,,,,,,,,,,,,,,,,,,,,,,,,,,,,,,,,,,,,,,,,,,,,,,,,,,,,,,,,,,,,,,,,,,,,,,,,,,,,,,,,,,,,,,,,,,,,,,,,,
REACTOME_REGULATION_OF_INSULIN_LIKE_GROWTH_FACTOR_IGF_ACTIVITY_BY_INSULIN_LIKE_GROWTH_FACTOR_BINDING_PROTEINS_IGFBPS,http://www.broadinstitute.org/gsea/msigdb/cards/REACTOME_REGULATION_OF_INSULIN_LIKE_GROWTH_FACTOR_IGF_ACTIVITY_BY_INSULIN_LIKE_GROWTH_FACTOR_BINDING_PROTEINS_IGFBPS,CTSG,F2,IGF2,IGFALS,IGFBP1,IGFBP2,IGFBP3,IGFBP4,IGFBP5,IGFBP6,KLK3,MMP1,MMP2,PAPPA,PLG,PAPPA2,,,,,,,,,,,,,,,,,,,,,,,,,,,,,,,,,,,,,,,,,,,,,,,,,,,,,,,,,,,,,,,,,,,,,,,,,,,,,,,,,,,,,,,,,,,,,,,,,,,,,,,,,,,,,,,,,,,,,,,,,,,,,,,,,,,,,,,,,,,,,,,,,,,,,,,,,,,,,,,,,,,,,,,,,,,,,,,,,,,,,,,,,,,,,,,,,,,,,,,,,,,,,,,,,,,,,,,,,,,,,,,,,,,,,,,,,,,,,,,,,,,,,,,,,,,
PID_ATM_PATHWAY,http://www.broadinstitute.org/gsea/msigdb/cards/PID_ATM_PATHWAY,ATM,H2AFX,CDC25A,ABL1,TERF2,TOP3A,CTBP1,MDC1,RFWD2,MDM2,CDC25C,UIMC1,BLM,RAD17,RNF8,BRCA1,KAT5,MRE11A,SMC3,RAD50,UBE2N,RBBP8,FANCD2,BID,XRCC4,YWHAB,NBN,DCLRE1C,SMC1A,TP53BP1,FAM175A,CHEK2,TRIM28,RAD9A,,,,,,,,,,,,,,,,,,,,,,,,,,,,,,,,,,,,,,,,,,,,,,,,,,,,,,,,,,,,,,,,,,,,,,,,,,,,,,,,,,,,,,,,,,,,,,,,,,,,,,,,,,,,,,,,,,,,,,,,,,,,,,,,,,,,,,,,,,,,,,,,,,,,,,,,,,,,,,,,,,,,,,,,,,,,,,,,,,,,,,,,,,,,,,,,,,,,,,,,,,,,,,,,,,,,,,,,,,,,,,,,,,,,,,,,,
BIOCARTA_ATM_PATHWAY,http://www.broadinstitute.org/gsea/msigdb/cards/BIOCARTA_ATM_PATHWAY,JUN,CHEK2,MAPK8,MRE11A,BRCA1,NBN,RELA,CHEK1,MDM2,ABL1,CDKN1A,TP53,GADD45A,ATM,RAD51,TP73,RAD50,NFKB1,NFKBIA,RBBP8,,,,,,,,,,,,,,,,,,,,,,,,,,,,,,,,,,,,,,,,,,,,,,,,,,,,,,,,,,,,,,,,,,,,,,,,,,,,,,,,,,,,,,,,,,,,,,,,,,,,,,,,,,,,,,,,,,,,,,,,,,,,,,,,,,,,,,,,,,,,,,,,,,,,,,,,,,,,,,,,,,,,,,,,,,,,,,,,,,,,,,,,,,,,,,,,,,,,,,,,,,,,,,,,,,,,,,,,,,,,,,,,,,,,,,,,,,,,,,,,,,,,,,,
BIOCARTA_ATRBRCA_PATHWAY,http://www.broadinstitute.org/gsea/msigdb/cards/BIOCARTA_ATRBRCA_PATHWAY,CHEK2,TREX1,BRCA2,MRE11A,RAD17,NBN,BRCA1,RAD9A,FANCE,CHEK1,FANCG,TP53,HUS1,RAD1,ATR,ATM,RAD51,FANCF,RAD50,FANCC,FANCD2,,,,,,,,,,,,,,,,,,,,,,,,,,,,,,,,,,,,,,,,,,,,,,,,,,,,,,,,,,,,,,,,,,,,,,,,,,,,,,,,,,,,,,,,,,,,,,,,,,,,,,,,,,,,,,,,,,,,,,,,,,,,,,,,,,,,,,,,,,,,,,,,,,,,,,,,,,,,,,,,,,,,,,,,,,,,,,,,,,,,,,,,,,,,,,,,,,,,,,,,,,,,,,,,,,,,,,,,,,,,,,,,,,,,,,,,,,,,,,,,,,,,,,
BIOCARTA_P53_PATHWAY,http://www.broadinstitute.org/gsea/msigdb/cards/BIOCARTA_P53_PATHWAY,CCND1,BCL2,E2F1,APAF1,BAX,CDK2,CDK4,MDM2,RB1,CDKN1A,TP53,GADD45A,ATM,TIMP3,PCNA,CCNE1,,,,,,,,,,,,,,,,,,,,,,,,,,,,,,,,,,,,,,,,,,,,,,,,,,,,,,,,,,,,,,,,,,,,,,,,,,,,,,,,,,,,,,,,,,,,,,,,,,,,,,,,,,,,,,,,,,,,,,,,,,,,,,,,,,,,,,,,,,,,,,,,,,,,,,,,,,,,,,,,,,,,,,,,,,,,,,,,,,,,,,,,,,,,,,,,,,,,,,,,,,,,,,,,,,,,,,,,,,,,,,,,,,,,,,,,,,,,,,,,,,,,,,,,,,,
PID_P53REGULATIONPATHWAY,http://www.broadinstitute.org/gsea/msigdb/cards/PID_P53REGULATIONPATHWAY,NEDD8,PPM1D,HIPK2,CHEK2,TP53,TP53AIP1,TRIM28,CCNG1,HUWE1,CSNK1E,SETD8,SKP2,ATM,CSE1L,CSNK1D,CSNK1A1,PPP2CA,CDK2,PIN1,CHEK1,SETD7,MDM4,KAT5,CCNA2,SMYD2,E4F1,EP300,PRMT5,KAT2B,PPP1R13L,CSNK1G1,RFWD2,KAT8,DAXX,DYRK2,TTC5,RPL5,RPL11,PRKCD,PPP2R4,MDM2,FBXO11,AKT1,CDKN2A,ATR,ABL1,CSNK1G2,GSK3B,CREBBP,RASSF1,MAPK14,MAPK9,RPL23,USP7,RCHY1,UBE2D1,CSNK1G3,YY1,MAPK8,,,,,,,,,,,,,,,,,,,,,,,,,,,,,,,,,,,,,,,,,,,,,,,,,,,,,,,,,,,,,,,,,,,,,,,,,,,,,,,,,,,,,,,,,,,,,,,,,,,,,,,,,,,,,,,,,,,,,,,,,,,,,,,,,,,,,,,,,,,,,,,,,,,,,,,,,,,,,,,,,,,,,,,,,,,,,,,,,,,,,,,,,,,,,,,,,,,,,,,,,,,,,,,,
REACTOME_P53_INDEPENDENT_G1_S_DNA_DAMAGE_CHECKPOINT,http://www.broadinstitute.org/gsea/msigdb/cards/REACTOME_P53_INDEPENDENT_G1_S_DNA_DAMAGE_CHECKPOINT,PSMD14,CHEK1,CHEK2,PSMA8,PSME4,ATM,PSMA1,PSMA2,PSMA3,PSMA4,PSMA5,PSMA6,PSMA7,PSMB1,PSMB2,PSMB3,PSMB4,PSMB5,PSMB6,PSMB7,PSMB8,PSMB9,PSMB10,PSMC1,PSMC2,PSMC3,PSMC4,PSMC5,PSMC6,PSMD1,PSMD2,PSMD3,PSMD4,PSMD5,PSMD7,PSMD8,PSMD9,PSMD10,PSMD11,PSMD12,PSMD13,PSME1,PSME2,RPS27A,LOC651610,LOC652826,RPS27AP11,UBA52,PSMF1,PSMD6,CDC25A,,,,,,,,,,,,,,,,,,,,,,,,,,,,,,,,,,,,,,,,,,,,,,,,,,,,,,,,,,,,,,,,,,,,,,,,,,,,,,,,,,,,,,,,,,,,,,,,,,,,,,,,,,,,,,,,,,,,,,,,,,,,,,,,,,,,,,,,,,,,,,,,,,,,,,,,,,,,,,,,,,,,,,,,,,,,,,,,,,,,,,,,,,,,,,,,,,,,,,,,,,,,,,,,,,,,,,,,
KEGG_P53_SIGNALING_PATHWAY,http://www.broadinstitute.org/gsea/msigdb/cards/KEGG_P53_SIGNALING_PATHWAY,CASP9,CASP8,SFN,TSC2,IGF1,CDK1,GADD45B,RCHY1,ZMAT3,IGFBP3,RRM2B,BAI1,TP73,SERPINB5,RPRM,PPM1D,BID,MDM4,BAX,MDM2,TP53AIP1,CASP3,TP53I3,PMAIP1,PIDD,RFWD2,PERP,GADD45G,EI24,SESN2,ATM,ATR,SESN3,CHEK2,APAF1,CDKN2A,RRM2,CDKN1A,BBC3,GADD45A,TNFRSF10B,DDB2,GTSE1,SIAH1,CCND1,CD82,PTEN,CDK2,CHEK1,SESN1,CDK4,SERPINE1,TP53,CCNE2,FAS,CDK6,CYCS,STEAP3,CCNB2,LOC651610,CCND2,SHISA5,CCNB1,CCNG1,CCNE1,CCNB3,THBS1,CCNG2,CCND3,,,,,,,,,,,,,,,,,,,,,,,,,,,,,,,,,,,,,,,,,,,,,,,,,,,,,,,,,,,,,,,,,,,,,,,,,,,,,,,,,,,,,,,,,,,,,,,,,,,,,,,,,,,,,,,,,,,,,,,,,,,,,,,,,,,,,,,,,,,,,,,,,,,,,,,,,,,,,,,,,,,,,,,,,,,,,,,,,,,,,,,,,,,,,,,,,,,,,,
KEGG_PPAR_SIGNALING_PATHWAY,http://www.broadinstitute.org/gsea/msigdb/cards/KEGG_PPAR_SIGNALING_PATHWAY,SLC27A5,SLC27A4,SORBS1,ACADL,CYP4A11,ACADM,APOA2,CD36,FADS2,APOA1,CYP7A1,SLC27A1,SCD,CYP8B1,UCP1,DBI,NR1H3,ACSL6,ME1,MMP1,GK,GK2,APOA5,RXRB,RXRG,PLTP,PDPK1,RXRA,ILK,APOC3,ACOX2,ACOX3,CYP27A1,OLR1,CPT2,ACAA1,CPT1B,ANGPTL4,SLC27A2,LPL,FABP1,CPT1A,PCK2,FABP4,CPT1C,FABP2,PCK1,SCP2,PPARA,AQP7,PLIN1,CYP4A22,FABP3,FABP5,FABP6,FABP7,ACSL5,ADIPOQ,SLC27A6,HMGCS2,EHHADH,UBC,PPARG,PPARD,ACSL1,SCD5,ACOX1,ACSL3,ACSL4,,,,,,,,,,,,,,,,,,,,,,,,,,,,,,,,,,,,,,,,,,,,,,,,,,,,,,,,,,,,,,,,,,,,,,,,,,,,,,,,,,,,,,,,,,,,,,,,,,,,,,,,,,,,,,,,,,,,,,,,,,,,,,,,,,,,,,,,,,,,,,,,,,,,,,,,,,,,,,,,,,,,,,,,,,,,,,,,,,,,,,,,,,,,,,,,,,,,,,
KEGG_MISMATCH_REPAIR,http://www.broadinstitute.org/gsea/msigdb/cards/KEGG_MISMATCH_REPAIR,MLH3,POLD1,MLH1,POLD2,RFC1,MSH2,RFC3,RFC2,MSH3,POLD4,PMS2,RFC4,LIG1,RFC5,RPA1,MSH6,RPA3,POLD3,RPA2,PCNA,SSBP1,RPA4,EXO1,,,,,,,,,,,,,,,,,,,,,,,,,,,,,,,,,,,,,,,,,,,,,,,,,,,,,,,,,,,,,,,,,,,,,,,,,,,,,,,,,,,,,,,,,,,,,,,,,,,,,,,,,,,,,,,,,,,,,,,,,,,,,,,,,,,,,,,,,,,,,,,,,,,,,,,,,,,,,,,,,,,,,,,,,,,,,,,,,,,,,,,,,,,,,,,,,,,,,,,,,,,,,,,,,,,,,,,,,,,,,,,,,,,,,,,,,,,,,,,,,,,,
KEGG_MAPK_SIGNALING_PATHWAY,http://www.broadinstitute.org/gsea/msigdb/cards/KEGG_MAPK_SIGNALING_PATHWAY,JUN,MEF2C,ELK4,ELK1,JUND,GADD45B,ZAK,STMN1,RRAS2,MAP3K5,MAP3K1,MAP3K3,MAP3K4,MAP3K7,MAP3K8,AKT1,AKT2,ARRB2,CD14,ARRB1,NRAS,DUSP16,CHP2,RASGRP3,NFKB2,NFKB1,MYC,NFATC4,MAPK14,FLNC,FLNA,KRAS,FLNB,PRKX,TRAF6,TGFB2,DUSP1,DUSP2,TGFB1,TRAF2,BDNF,TAB2,ECSIT,TGFBR2,DUSP7,TGFBR1,DUSP5,DUSP6,DUSP3,TGFB3,PLA2G4E,DUSP4,CACNG5,CACNG4,NF1,PLA2G12A,NFATC2,RASGRP4,MAP3K2,MAX,DUSP10,FGF9,FGF8,FGF7,FGF6,FGF5,FGF3,FGF4,FGF1,FGF2,PTPN5,FGF21,IL1R2,MAPK9,CACNA2D3,MAPK10,MAPK11,RASGRP2,PLA2G2A,MAP2K2,PLA2G4A,MAP2K3,MECOM,PLA2G5,MAPK13,MAP2K1,FGFR2,MAP2K7,RASA2,MAPK8IP2,RASGRF1,MAP2K5,RASGRF2,FGFR4,MAP2K6,MAPK8IP3,MAP3K6,CASP3,MAP3K12,FGFR3,FGFR1,RASA1,FGF14,RPS6KA2,RPS6KA3,FGF17,FGF16,FGF10,GRB2,FGF11,FGF12,FGF13,PLA2G1B,RPS6KA1,MAPKAPK3,IKBKG,HRAS,CACNG2,FGF23,CACNG3,MKNK2,FGF18,STK4,STK3,MAPK8IP1,MOS,RAP1A,MAPT,RAP1B,PPP3CB,PPP3CA,CACNA1H,CACNA1G,CACNA1I,ATF4,TAB1,FOS,TAOK2,RPS6KA6,PPP3R2,CACNG8,PPP5C,PPP3CC,CACNG6,PPP3R1,CACNG7,MAP2K4,ATF2,PDGFRB,JMJD7-PLA2G4B,MAP4K3,PLA2G6,PLA2G2E,PLA2G10,MAP4K4,RPS6KA5,BRAF,IKBKB,PLA2G4B,MAP3K11,CACNA2D2,IL1A,PLA2G2F,DAXX,AKT3,GADD45G,FGF20,RELB,MAPKAPK5,MAPK12,RELA,GNA12,HSPA8,HSPB1,PTPRR,LAMTOR3,GADD45A,NGF,DDIT3,MAP3K14,TAOK1,PDGFA,FGF22,PDGFB,NLK,PDGFRA,PRKACA,PRKACB,PAK1,PRKACG,CRK,CDC25B,CRKL,MAP3K13,PLA2G2D,CDC42,RASGRP1,CACNA2D1,CACNB1,SRF,CACNB2,SOS2,CACNB3,CACNB4,CHUK,CACNG1,PRKCB,RAF1,PRKCA,TNF,PAK2,MKNK1,PLA2G3,PRKCG,PTPN7,RAPGEF2,HSPA1L,CACNA1A,HSPA1B,RAC2,HSPA2,CACNA1D,CACNA1E,RAC3,CACNA1B,HSPA1A,PLA2G12B,CACNA1C,DUSP8,CACNA1F,CACNA1S,MAP4K1,TNFRSF1A,DUSP9,PPM1A,PPM1B,MAPK3,RPS6KA4,CACNA2D4,HSPA6,MAPK7,FGF19,RAC1,SOS1,MAPK1,DUSP14,MAP4K2,MAPK8,EGFR,MAPKAPK2,EGF,RRAS,TAOK3,GNG12,NTF4,IL1B,MRAS,NTF3,IL1R1,TP53,FAS,NR4A1,PLA2G2C,FASLG,NTRK2,NTRK1,CHP
KEGG_ERBB_SIGNALING_PATHWAY,http://www.broadinstitute.org/gsea/msigdb/cards/KEGG_ERBB_SIGNALING_PATHWAY,JUN,SOS2,PAK3,RAF1,PRKCB,BTC,SHC1,PRKCA,ELK1,NRG1,PAK2,MTOR,PAK4,MAP2K4,EIF4EBP1,BAD,PRKCG,NRG3,MAPK9,ERBB4,MAPK10,PTK2,ERBB2,ERBB3,MAP2K2,TGFA,BRAF,MAP2K1,MAP2K7,ABL1,NRG2,AKT1,ABL2,AKT2,SHC4,RPS6KB1,RPS6KB2,AKT3,NRAS,GRB2,AREG,STAT5B,MAPK3,STAT5A,PAK6,SOS1,MYC,MAPK1,NCK1,PIK3R5,NRG4,HRAS,MAPK8,EGFR,GSK3B,CBLB,KRAS,CBL,SHC3,CDKN1B,CDKN1A,EGF,EREG,ARAF,NCK2,PAK7,SRC,PIK3R3,CAMK2A,CAMK2B,CAMK2D,CAMK2G,PAK1,CBLC,CRK,PIK3CA,PIK3CB,CRKL,PIK3CD,GAB1,PLCG1,PLCG2,SHC2,HBEGF,PIK3CG,PIK3R1,PIK3R2,,,,,,,,,,,,,,,,,,,,,,,,,,,,,,,,,,,,,,,,,,,,,,,,,,,,,,,,,,,,,,,,,,,,,,,,,,,,,,,,,,,,,,,,,,,,,,,,,,,,,,,,,,,,,,,,,,,,,,,,,,,,,,,,,,,,,,,,,,,,,,,,,,,,,,,,,,,,,,,,,,,,,,,,,,,,,,,,,,,,
KEGG_CYTOKINE_CYTOKINE_RECEPTOR_INTERACTION,http://www.broadinstitute.org/gsea/msigdb/cards/KEGG_CYTOKINE_CYTOKINE_RECEPTOR_INTERACTION,CCL26,TNFSF13,HGF,CCL3L1,TNFSF12,TNFRSF8,TNFSF10,CCL2,TNFSF8,TNFSF9,CCL3,TNFSF14,IL21R,CCL5,CCL4,CCL13,IL17RB,CCL11,CCL8,CCL7,TNFRSF17,TNFSF11,IL23A,CTF1,FLT1,CCL14,FLT3,CCL15,FLT3LG,FLT4,IL22,CD27,CCL18,CCL17,CCL20,CCL19,CCL21,CCL23,CCL22,TPO,CCL16,CSF2,CSF1R,TNFRSF13C,IL13RA1,CSF1,PRLR,PRL,TNFRSF14,IFNE,CCL24,CSF2RB,CSF2RA,TGFB2,TGFB1,CX3CL1,IL23R,XCL1,CXCL5,CXCL11,CXCL6,CCR2,CCL25,CSF3,TGFBR2,TGFBR1,MET,TGFB3,CXCR3,CSF3R,CLCF1,IL17B,CXCL12,CCR10,OSMR,CCL4L2,XCR1,IL20,INHBE,PLEKHO2,CXCL10,MPL,CCL27,INHBB,INHBC,IL28RA,INHBA,KITLG,TNFRSF19,CXCR4,IL1R2,KIT,CD70,TNFRSF11B,LEPR,CXCR6,RELT,LEP,IL19,LTA,IL17A,IL18,TNFRSF9,OSM,GDF5,IL15RA,IL15,CXCL13,LTB,TNFRSF25,LTBR,IL22RA1,CD40LG,CD40,PPBPL1,GHR,IL18RAP,CXCL9,IL17RA,GH1,LIF,GH2,LIFR,IL18R1,TNFSF4,TNFRSF4,CX3CR1,CCL3L3,PDGFRB,EDA,CXCL14,IL1A,EDAR,IL24,CNTF,CNTFR,LOC652799,TNFSF13B,PDGFC,VEGFA,VEGFC,VEGFB,CCR9,NGFR,IL22RA2,PDGFA,ACVRL1,PDGFB,CCL4L1,ACVR2B,PDGFRA,ACVR2A,ACVR1B,ACVR1,FIGF,TNFRSF13B,IL25,TNFSF15,EPO,IL9R,CXCL1,TNF,CXCR5,IFNA5,IFNA4,IFNA2,TNFRSF6B,IFNA1,CXCR2,CXCR1,IL9,CCL28,IL7R,IL8,IL12RB1,IL12B,IL13,IL12RB2,IL11RA,IL12A,KDR,TNFRSF1B,IFNA17,TNFRSF1A,IFNA21,TNFRSF18,IFNA6,CCR3,TNFRSF12A,IFNA7,CCR4,IFNA8,CCR5,IFNA10,CCR6,IFNA13,CCR7,IFNA14,CCR8,IFNA16,IL26,CXCL16,IL10,EDA2R,IL10RA,IL10RB,EPOR,IL11,IL3RA,IL3,IL2RG,EGFR,IL2RB,CCR1,XCL2,IFNGR2,EGF,CCL1,TNFRSF10A,IFNG,IFNGR1,TNFRSF10D,IFNB1,TNFRSF11A,TNFRSF10B,IFNAR1,TNFRSF10C,IFNAR2,IL1RAP,IL1B,AMHR2,IL1R1,AMH,IL2RA,IL20RB,IL21,TNFSF18,IL2,IL20RA,BMPR2,BMPR1A,IL6R,BMPR1B,CRLF2,IL6ST,IFNK,IL7,PF4,CXCL2,CXCL3,BMP2,PF4V1,BMP7,IL28B,IL29,TNFRSF21,FAS,IL28A,FASLG,IFNW1,PPBP,TSLP,IL4,IL4R,IL5,IL5RA,IL6
KEGG_MTOR_SIGNALING_PATHWAY,http://www.broadinstitute.org/gsea/msigdb/cards/KEGG_MTOR_SIGNALING_PATHWAY,TSC2,IGF1,RPS6KA6,MTOR,EIF4B,EIF4E,EIF4EBP1,RICTOR,INS,PGF,ULK1,RHEB,BRAF,HIF1A,PDPK1,RPTOR,AKT1,AKT2,RPS6KA2,RPS6KA3,RPS6KB1,MLST8,AKT3,RPS6KB2,TSC1,ULK2,CAB39,MAPK3,CAB39L,RPS6,MAPK1,RPS6KA1,PIK3R5,ULK3,EIF4E1B,STK11,EIF4E2,VEGFA,PRKAA2,VEGFC,PRKAA1,VEGFB,STRADA,PIK3R3,FIGF,DDIT4,PIK3CA,PIK3CB,PIK3CD,PIK3CG,PIK3R1,PIK3R2,,,,,,,,,,,,,,,,,,,,,,,,,,,,,,,,,,,,,,,,,,,,,,,,,,,,,,,,,,,,,,,,,,,,,,,,,,,,,,,,,,,,,,,,,,,,,,,,,,,,,,,,,,,,,,,,,,,,,,,,,,,,,,,,,,,,,,,,,,,,,,,,,,,,,,,,,,,,,,,,,,,,,,,,,,,,,,,,,,,,,,,,,,,,,,,,,,,,,,,,,,,,,,,,,,,,,,,
PID_HIF1_TFPATHWAY,http://www.broadinstitute.org/gsea/msigdb/cards/PID_HIF1_TFPATHWAY,PGK1,EGLN3,NT5E,PGM1,PFKFB3,HNF4A,NDRG1,ETS1,BHLHE41,LEP,SP1,GATA2,NPM1,ABCG2,IGFBP1,EGLN1,SERPINE1,TF,EDN1,ABCB1,FURIN,MCL1,FOS,NCOA1,ADM,SLC2A1,ARNT,ALDOA,ENO1,TFF3,CITED2,EP300,CA9,COPS5,HK2,RORA,CXCL12,CXCR4,ITGB2,CREBBP,VEGFA,PFKL,CREB1,BHLHE40,ID2,HIF1A,PLIN2,HK1,SMAD4,SMAD3,EPO,BNIP3,PKM2,TFRC,NOS2,JUN,LDHA,HMOX1,ENG,TERT,GCK,FECH,HDAC7,CP,AKT1,NCOA2,,,,,,,,,,,,,,,,,,,,,,,,,,,,,,,,,,,,,,,,,,,,,,,,,,,,,,,,,,,,,,,,,,,,,,,,,,,,,,,,,,,,,,,,,,,,,,,,,,,,,,,,,,,,,,,,,,,,,,,,,,,,,,,,,,,,,,,,,,,,,,,,,,,,,,,,,,,,,,,,,,,,,,,,,,,,,,,,,,,,,,,,,,,,,,,,,,,,,,,,,
BIOCARTA_HIF_PATHWAY,http://www.broadinstitute.org/gsea/msigdb/cards/BIOCARTA_HIF_PATHWAY,JUN,EPO,NOS3,EP300,HIF1A,VHL,CREB1,P4HB,COPS5,EDN1,ASPH,VEGFA,ARNT,LDHA,HSP90AA1,,,,,,,,,,,,,,,,,,,,,,,,,,,,,,,,,,,,,,,,,,,,,,,,,,,,,,,,,,,,,,,,,,,,,,,,,,,,,,,,,,,,,,,,,,,,,,,,,,,,,,,,,,,,,,,,,,,,,,,,,,,,,,,,,,,,,,,,,,,,,,,,,,,,,,,,,,,,,,,,,,,,,,,,,,,,,,,,,,,,,,,,,,,,,,,,,,,,,,,,,,,,,,,,,,,,,,,,,,,,,,,,,,,,,,,,,,,,,,,,,,,,,,,,,,,,
PID_PI3KCIAKTPATHWAY,http://www.broadinstitute.org/gsea/msigdb/cards/PID_PI3KCIAKTPATHWAY,BCL2L1,GSK3A,MAPKAP1,RICTOR,TBC1D4,RAF1,CASP9,HSP90AA1,MAP3K5,FOXO3,AKT3,PRKDC,YWHAQ,YWHAH,MTOR,FOXO1,YWHAG,CDKN1A,SFN,YWHAE,PDPK1,CHUK,PRKACA,BAD,KPNA1,YWHAZ,CDKN1B,YWHAB,AKT1,AKT2,GSK3B,SRC,MLST8,FOXO4,SLC2A4,,,,,,,,,,,,,,,,,,,,,,,,,,,,,,,,,,,,,,,,,,,,,,,,,,,,,,,,,,,,,,,,,,,,,,,,,,,,,,,,,,,,,,,,,,,,,,,,,,,,,,,,,,,,,,,,,,,,,,,,,,,,,,,,,,,,,,,,,,,,,,,,,,,,,,,,,,,,,,,,,,,,,,,,,,,,,,,,,,,,,,,,,,,,,,,,,,,,,,,,,,,,,,,,,,,,,,,,,,,,,,,,,,,,,,,,
KEGG_VEGF_SIGNALING_PATHWAY,http://www.broadinstitute.org/gsea/msigdb/cards/KEGG_VEGF_SIGNALING_PATHWAY,CASP9,RAF1,PRKCB,PRKCA,PPP3R2,PPP3CC,PPP3R1,SH2D2A,PLA2G3,SPHK1,BAD,PRKCG,JMJD7-PLA2G4B,PLA2G6,RAC2,PTK2,PLA2G2E,PLA2G10,NOS3,MAPK11,MAP2K2,PLA2G2A,RAC3,PLA2G4A,PTGS2,PLA2G5,MAPK13,PLA2G12B,MAP2K1,KDR,PLA2G4B,AKT1,PLA2G2F,AKT2,NRAS,AKT3,CHP2,NFAT5,MAPK3,RAC1,PLA2G1B,MAPK1,MAPKAPK3,PIK3R5,HRAS,NFATC4,MAPK14,MAPK12,NFATC3,MAPKAPK2,KRAS,SPHK2,HSPB1,VEGFA,PXN,PLA2G4E,SRC,PIK3R3,PPP3CB,PPP3CA,PIK3CA,PIK3CB,PIK3CD,PLA2G2C,PLCG1,SHC2,PLA2G2D,PLCG2,PLA2G12A,NFATC2,NFATC1,PIK3CG,PIK3R1,CDC42,PIK3R2,CHP,,,,,,,,,,,,,,,,,,,,,,,,,,,,,,,,,,,,,,,,,,,,,,,,,,,,,,,,,,,,,,,,,,,,,,,,,,,,,,,,,,,,,,,,,,,,,,,,,,,,,,,,,,,,,,,,,,,,,,,,,,,,,,,,,,,,,,,,,,,,,,,,,,,,,,,,,,,,,,,,,,,,,,,,,,,,,,,,,,,,,,,,,,,,,,,
KEGG_ECM_RECEPTOR_INTERACTION,http://www.broadinstitute.org/gsea/msigdb/cards/KEGG_ECM_RECEPTOR_INTERACTION,GP1BA,COL6A2,COL6A3,GP1BB,COL5A2,COL6A1,LAMA1,VWF,HSPG2,TNN,FN1,ITGA9,GP9,COMP,IBSP,CD36,CHAD,GP5,VTN,THBS4,ITGA4,ITGA3,ITGA2B,ITGA7,ITGA5,COL5A1,COL4A6,ITGA11,SV2C,COL2A1,COL3A1,COL4A1,AGRN,COL4A2,COL4A4,ITGB3,ITGB4,RELN,ITGB5,ITGB6,ITGB7,LAMC2,ITGAV,ITGB1,LAMB2,SPP1,LAMB3,LAMC1,COL1A1,LAMA4,LAMA5,LAMB1,COL1A2,ITGA10,GP6,ITGA8,LAMB4,TNR,CD47,SV2A,CD44,DAG1,TNXB,LAMA3,LAMA2,SDC3,ITGB8,ITGA6,ITGA2,ITGA1,SV2B,TNC,COL11A1,LAMC3,COL11A2,HMMR,SDC2,SDC4,COL5A3,THBS3,COL6A6,THBS2,SDC1,THBS1,,,,,,,,,,,,,,,,,,,,,,,,,,,,,,,,,,,,,,,,,,,,,,,,,,,,,,,,,,,,,,,,,,,,,,,,,,,,,,,,,,,,,,,,,,,,,,,,,,,,,,,,,,,,,,,,,,,,,,,,,,,,,,,,,,,,,,,,,,,,,,,,,,,,,,,,,,,,,,,,,,,,,,,,,,,,,,,,,,,,,,,
KEGG_ADHERENS_JUNCTION,http://www.broadinstitute.org/gsea/msigdb/cards/KEGG_ADHERENS_JUNCTION,MLLT4,LOC100418883,SORBS1,WAS,SNAI2,IGF1R,RHOA,CREBBP,LEF1,ACTN4,PTPN6,ACTN1,SNAI1,ERBB2,WASF2,RAC2,PTPRJ,WASL,LOC646821,RAC3,PTPRF,WASF1,MAP3K7,FGFR1,IQGAP1,SMAD3,MAPK3,TCF7,SMAD4,ACTG1,INSR,WASF3,CTNNA1,PTPRB,RAC1,TCF7L2,SMAD2,MAPK1,CSNK2A1,PVRL3,CSNK2A2,EP300,EGFR,VCL,CTNNA2,CTNNB1,CTNND1,FARP2,CSNK2B,TGFBR2,PTPRM,PVRL4,TGFBR1,ACTB,TJP1,MET,SSX2IP,SRC,NLK,TCF7L1,YES1,FER,BAIAP2,CTNNA3,LMO7,FYN,ACP1,PTPN1,PARD3,CDC42,ACTN2,PVRL2,CDH1,ACTN3,PVRL1,,,,,,,,,,,,,,,,,,,,,,,,,,,,,,,,,,,,,,,,,,,,,,,,,,,,,,,,,,,,,,,,,,,,,,,,,,,,,,,,,,,,,,,,,,,,,,,,,,,,,,,,,,,,,,,,,,,,,,,,,,,,,,,,,,,,,,,,,,,,,,,,,,,,,,,,,,,,,,,,,,,,,,,,,,,,,,,,,,,,,,,,,,,,,,,,
KEGG_MELANOGENESIS,http://www.broadinstitute.org/gsea/msigdb/cards/KEGG_MELANOGENESIS,CALM2,CALM1,TYR,CREB3L1,FZD1,FZD4,FZD6,FZD7,LEF1,CREBBP,CREB3,FZD8,FZD9,POMC,WNT9B,WNT9A,CREB1,WNT2B,WNT11,EDN1,WNT10B,NRAS,EDNRB,LOC652799,KRAS,PRKX,GNAI1,GNAI2,CALML5,ADCY3,ADCY2,ADCY1,CREB3L3,WNT5B,CAMK2A,CAMK2B,CAMK2D,CAMK2G,PRKACA,GNAQ,PRKACB,PRKACG,GNAS,GNAI3,WNT16,GNAO1,CALML3,DCT,CALM3,PLCB2,ADCY8,ADCY9,PLCB1,ADCY6,ADCY7,PRKCB,RAF1,PLCB3,PRKCA,PLCB4,ADCY5,CREB3L4,ASIP,KITLG,PRKCG,MC1R,WNT3A,DVL3,DVL2,MAP2K2,MAP2K1,KIT,FZD3,DVL1,ADCY4,TYRP1,WNT4,WNT10A,MAPK3,TCF7,MAPK1,TCF7L2,HRAS,WNT1,EP300,GSK3B,WNT7A,WNT7B,WNT8A,WNT8B,WNT2,WNT3,WNT5A,CTNNB1,WNT6,FZD10,CREB3L2,FZD5,TCF7L1,MITF,FZD2,CALML6,,,,,,,,,,,,,,,,,,,,,,,,,,,,,,,,,,,,,,,,,,,,,,,,,,,,,,,,,,,,,,,,,,,,,,,,,,,,,,,,,,,,,,,,,,,,,,,,,,,,,,,,,,,,,,,,,,,,,,,,,,,,,,,,,,,,,,,,,,,,,,,,,,,,,,,,,,,,,,,,,,,,,
REACTOME_TRANSCRIPTIONAL_REGULATION_OF_WHITE_ADIPOCYTE_DIFFERENTIATION,http://www.broadinstitute.org/gsea/msigdb/cards/REACTOME_TRANSCRIPTIONAL_REGULATION_OF_WHITE_ADIPOCYTE_DIFFERENTIATION,MED6,MED16,CDK4,CDK8,NCOA2,CEBPB,CEBPD,PPARGC1A,MED8,CREBBP,EBF1,EGR2,EP300,FABP4,MED19,NCOA6,CDK19,MED13L,MED4,LEP,MED11,LPL,MED31,PCK1,ANGPTL4,MED15,PLIN1,PPARA,PPARG,MED1,MED18,MED9,MED29,RELA,RXRA,SLC2A4,SMARCD3,SREBF1,MED22,KLF5,TBL1X,NR2F2,TGFB1,TNF,WNT1,WNT10B,TBL1XR1,MED25,NCOA3,MED10,PRIC285,NCOA1,HDAC3,CCNC,CCND3,MED30,MED14,KLF4,ADIPOQ,MED21,MED23,MED17,MED26,MED27,MED7,MED20,CD36,NCOR1,NCOR2,TGS1,MED24,MED12,,,,,,,,,,,,,,,,,,,,,,,,,,,,,,,,,,,,,,,,,,,,,,,,,,,,,,,,,,,,,,,,,,,,,,,,,,,,,,,,,,,,,,,,,,,,,,,,,,,,,,,,,,,,,,,,,,,,,,,,,,,,,,,,,,,,,,,,,,,,,,,,,,,,,,,,,,,,,,,,,,,,,,,,,,,,,,,,,,,,,,,,,,,,,,,,,,,
BIOCARTA_CHEMICAL_PATHWAY,http://www.broadinstitute.org/gsea/msigdb/cards/BIOCARTA_CHEMICAL_PATHWAY,CASP9,PTK2,BCL2,CASP7,BID,PRKCB,BCL2L1,STAT1,PRKCA,APAF1,BAX,EIF2S1,CASP6,AKT1,TP53,CASP3,CYCS,ATM,TLN1,BAD,PXN,PARP1,,,,,,,,,,,,,,,,,,,,,,,,,,,,,,,,,,,,,,,,,,,,,,,,,,,,,,,,,,,,,,,,,,,,,,,,,,,,,,,,,,,,,,,,,,,,,,,,,,,,,,,,,,,,,,,,,,,,,,,,,,,,,,,,,,,,,,,,,,,,,,,,,,,,,,,,,,,,,,,,,,,,,,,,,,,,,,,,,,,,,,,,,,,,,,,,,,,,,,,,,,,,,,,,,,,,,,,,,,,,,,,,,,,,,,,,,,,,,,,,,,,,,
